referrer,sub3,goal
,"['22279' '' '2764' '34349' '140237' '666' '149714' '1506' '48168' '16'
 '1430' '126905' '15' '1529' 'om' '18766' '43231' '140558' '2024' '8' '65'
 '45551' '9ed7f95f7e984c8fafb040558e04d968' '2149' '159977' '132919'
 '32057' '2250' '166809' '126' '175585' '2685' '55' '31445' '18511' '1160'
 '18836' '1209' '5159' '1501' '26266' '69023' '17' '26072' '2700' '7689'
 '174' '18' '3507' '174242' '8622' '25265' '2440' '1365439' '12758'
 '147888' '47386' '51461' '153541' 'fb4e4548-f279-4178-b87a-29e6b07c084a'
 '102da0e327f62aa8826f00bff65173' '7044' '2014' '31447'
 'b39a3cca208c4bc688727853ec6404d5' '4164' '134174' '3604' '27805' '173'
 '161149' '41444' '131473' '6847' '1914' '3445' '17180' '167491' '28948'
 'usbfan' '70740' '9602' '39725' '3563' '28915' '147712'
 'dc770ac9-d481-4027-9c05-e78cc0d4a211' '22364'
 '1025e7d730f8541455076ca267a004' '280' '150289'
 '1027ffc683999931b12a90932b05a3' '3169' '27131' '11119' '127244' '24724'
 '38' '178965' '1143' '10438' '154244' '169410' '2018' '173223' '28867'
 '161515' '70399' '5795' '1021b2aabbb17df12ca7b8851ed2a8'
 '102fc0862ac2a38436391af015e4e3' '28054' '129922'
 '1020a63c6f3b8982f0f9b5a523f2bc' '1804' '23041' '19934' '27930' '34319'
 '22601' '22199' '25473' '53258' '138840' '154904' '43093' '36692' '2240'
 '134536' '75492' '9' '156534' '27713' '8150' '796'
 '102862b817cf422a0036f92ed8b1a5' '57977' '29309' 'maximedia' '1642'
 '19678' '47325' '1024b425b69703c1165c62348b9ed2' '62883' '7343' '1633'
 '1651' '6754' '156562' '1540' '12797' '5659' '25634' '19209' '53274'
 '1025adcb099700a7a936a19caf8117' '20866' '166664'
 '102c954b4ca5e7a08ec58dd4501849' '843' '10259736f1a0985193a69f168a74f7'
 '146064' '1676608' '20865' '51010' '26335' '34331' '175071' '168512'
 '180478' '157005' '158824' '160453' '62' '144193' '181276' '12698'
 '175829' '140980' '20223' '3344' 'b3932e3a-e899-43f8-a3fd-4e3f94ad1b60'
 '1' '34879' '178' '654928' '3485' '65680' '75070' '162402' '129875'
 '3221' '23038' '1828250' '175962' '14332'
 '10210e17f3266693beb3a1eeaf04ed' '816' '567123' '5647'
 'c048c550-17b1-4c80-a3bc-247fbd2d539e' '13' '175489' '1718' '51180'
 '157580' '73146' '108' '28342' '305' '148674' '172171' '3253'
 '8440de08-9e9d-491c-8ebb-431974c06e54' '28864' '147054' '555678' 'Alex75'
 '48687' '144626' '165658' '9155' '171771' '27064' '37653' '3614' '25'
 '37867' '4755' '1543810' '23487' '1029d5d31b02b143388db020433039'
 '170634' '66247' '27104' '29306' '10198' '1028d82c2f9b9365bed711c5fd9e56'
 '102ced683517dc9107766642b690c4' '2204' '2254' '19464'
 '16c8e9e2aab543db836814750e3ea828' '75490'
 '10292945156541928316bf90e058b6' '134951' '18948' '161855' '17316'
 '134783' '51b4ef1695d049fa93c3e00e758931da' '178889' '329'
 '32d0452856d7474292b2a6b6d12e6704' 'cdadc1881b3143378bd6fd6490e7622c'
 '46787' '993' '163266' '46928' '23706' '47493' '166301'
 '1021781b1a758df343c92367556ccd' '3787' '102b53878d5f821632ebc975d59799'
 '8675' '20650' '18827' 'b067fa19f1a44eb6ab82eb92b9d51b03' '4559' '14205'
 '69300' '102dee6f53838b1f11d3152601b327' '102254f3dcb1c4ec28d6aa552a6d79'
 '20520' '1268814' '102' '102c8d51d28388eff3d3125be4ee77' '28969' '20997'
 '15500' '181150' '175808' '74207' '964036' '46914' '145808'
 '102844b35adaa1114cd4ee830e62ed' '171514' '130728' '24314' '61641' '121'
 '141099' '52356' '1586631' '24053' 'fuckyeah' '11880' '131255' '1392'
 '63717' '180639' '167155' '26768' '4825' '36989'
 'd2f0235bbab943e98b01dc6fda7ecab4' '102458d9ff192771807f87f2eba682'
 '180669' '172413' '88619' '29218' '1255776' '181140'
 'fd4320f1e29d409da86832030fdedb5c' '46818'
 '17ec675d8c4142a29f903483fee75760' '17662' '142218' '12336' '11554'
 '3123' '181273' '181270' '1452433' 'gogogo' '64005' '4372' '1142035'
 '173990' '40' '123946' '176081' '64416' '43483' '48024' '180324'
 '50296446201e402fbe42688d825849be' '050e8bcb8be74ace883b40f145159260'
 '102ead75b52c78312d24e88717d855' '23324' '156213' '10664'
 '4bace17dad2745939a8db8460cbe1507' '173244'
 'b6dffd5441d74ea7befdc104de76b622' '147' '105'
 '102a93ed7e1d428fff72472a9baf60' '7125' 'CrazyWolf' '4672' '181609'
 'd737e69413d347a0aa188cb98c4a3441' 'atamansan'
 '1022d7ed417b39136774cf17f9e104' '62788' '133864'
 '81a48b1ac8b344088d90e54312064171' '53216'
 '102bcecdacd7a59aa482931bafd8eb' '43790' '102b5242fb40e7b5091a35427cceb1'
 '10972' 'AFFID' '14943' '71801' '132010' '176246' 'xG4EYn' '28964'
 '07cc343f947241499384a6c06312849b' '60421'
 '102aca6d5eb528f1f63bd751a86b1f' '181639'
 '102648f2449ded781d113083b6df6e' '1022d57b140628301c9c992be21c7a' '11550'
 '2860' '39087' '2930' '4d1d364f279847be9e9b7783c0b5b09b' '18793' '14795'
 '102835d3d624cffb2d78fce808c8c7' '146599'
 '102e511e4ab1bdf42a379bab4d315b' '142813'
 '4edceaf445c14313ab2e2ba7dbbec151' '50889c06-409d-401f-ae53-9edf4a418d57'
 'cdcb76bf37f244988501df5e5c96c890' '21653' '2751' '12'
 '1028a55cb1639e139e00c69e256579' '1025d85bfb192a72bbbf38244c647e' '63099'
 'a31fad99e3fd454d83262955dc4c4974' '181542' '28829' '14'
 '102bc92692640e9199541aaaad18fb' '53116'
 'dbda82b831ba48178c1d01cc4acdcad6' '146651'
 '102b65388533ea903ef9003b2c547b' '176156'
 'c233bb2ca57c491c957ad2d759b26cf2' '1779'
 'c050f7df-de6b-4f71-8dee-d7880904310e' '10805'
 'fc5523b58e3644e2859eb26032091a51' '5f677d432c1d40e1a2a15e13e6fc60c3'
 'b7ea507efa9e45e0adae5fb0f69fc680' 'bb17fac946c54b4492969c0dc654461f'
 'ee7ce338ce28428a92d272e6baf58874' '6170' '172207' '45618'
 '1027b1f809bd112e0eea9a56653bf9' '5094'
 '3c80a21a1054458a91b1a140afad9123' '1588433' '9899' '3641'
 '1021644418437d0a309fd66994fe1c' '2629' '43145' '77740'
 '94950dff30b84a12ac59cab5a7c70521' '102b0c61bddc2f7b25ec9018d86d0c'
 '150965' '11166' '102954c178d695764cc85df1f17e28'
 'c1718ee9c63a469388bad0591e4df399' '12082'
 '102c88a13b751e9cc96e22ff953885' '2d774e618a49468e8a22dec02d337edb'
 'dzenfinance' '131584' '77578' '1024f0fadacced63ec32142b0e7d2e'
 '24deac8ce4104289b054ae10219dfdf3' '10277a2924b1896099732900fb6bef'
 '4077' '174017' 'c8eba80fa5c3418983750cd1058b35b1' '28697'
 'eed70ff342bf4112b2326c446cfef0f8' '26575'
 '8473e611f2cf408692f123b67610df4d' '9508cb2eedad4f2f9e2781d169a8b73b'
 '48657' '176304' 'b5a29aef9d284a33b4d00318587aa7ed' '1750' '74849'
 'a980715b92624b518a5e5c354b1b00d7' '8902d30aab9548c7b930410e2cef95cb'
 'f66e42adc8e241088ea4413c21edfd8f' '2a9f1e6a66d044c1894e0c0b043f08a3'
 '137191' '102b31aad0f4dff4aa18a8e0fe0992' '163193'
 '3f3f7ffba9d5419d9d3a540ff83e581b' '1992fb4b4b444fc1b770195bf9dccb99'
 '16337' 'b9ff79d73a48475aaafd1a8c6ec25b04']",29450
0procentov.website,['77181'],2
0zaym.ru,['9'],3
1-zaim.ru,['45551'],1030
1000bankov.ru,['6578' '7720'],5
100mfo.ru,['8'],20
1zmr.ru,['45551'],48
20zaimov.ru,['142813'],1
24-zaimi.ru,['45551'],10
24rf.su,['9'],8
24zaym.site,['1828983'],2
3aum2023.online,['53116'],2
4.poluchit-zaem.ru,['153590'],2
6.onlinezaimkarta.ru,['77243'],1
7ap.ru,['1750'],1
911zaym.ru,[''],2
a1.onlinezaemdeneg.ru,['173535'],1
a2.onlinezaemdeneg.ru,['173535'],1
a4.onlinezaemdeneg.ru,['173535'],1
a4.onlinezaimkarta.ru,['173535'],3
a7.poluchit-zaem.ru,['153590'],2
account.mail.ru,['25265'],1
ad.leadgid.ru,['27805'],1
agents.nfc-partners.ru,['176081'],1
ai-credit.ru,['18948'],1
algyszaim.online,['35173' '2877'],60
all-zaim.ru,['330440'],4
altanzaim.online,['35173' '2877'],27
am-finance.ru,['128514'],1
amurskaya-oblast-blagoveschensk.bankiros.ru,[''],2
android-app://org.telegram.messenger/,['45551'],1
argyszaim.ru,['131553'],13
arhangelsk.bankiros.ru,[''],1
art.vkcredits.ru,['9'],2
as-zaym.ru,['6041'],1
astrahan.bankiros.ru,[''],1
away.vk.com,"['157580' 'CrazyWolf' '127244' '162402' '45551' '61641' '29269' '159428'
 '156213' '14795' '141099' '165659' '27930' '129922' '154904' '52519'
 '150965' '146064' '64416' '172413' '140558' '157644' '1642' '69172'
 'usbfan' '171677' '74207' '57977' '129875' '62788' '53274' '21836' ''
 '164751' '174640' '107079' '15BR' '10762' '106842' '15335'
 'cf357a48-d500-4fb4-bdad-5e76c822c788' '119907' '131043' '112512'
 '150284' '71984' '75490' '172710' '117273' '306598' '36150' '24317'
 '119910' '157406' '128356' '106977' '61711' '167491' '167617' '119879'
 '107105' '49' '119882' '165658' '72176' '119897' '106840' '146651'
 '110602' '8' '1776605' '119889' '112915' '181262' '110355' '119894'
 '107187' 'e7986030-cf83-11eb-8beb-1bc94f8ee905' '108584' '119892'
 '106976' '108080' '107300' '173223' '119890' '108512' '108312' '109612'
 '127598' '119883' '106964' '110919' '55772' '110043' '119878' '107665'
 '38035' '889145' '153129' '161287' '71801' '168512' '1255776' '53216'
 '25942' '73818' '9' '75014' '107030' '18948' '119128' '107980' '1336781'
 '181295' '37867']",2109
b5.poluchit-zaem.ru,['153590'],1
baboszaim.store,['77693'],1
bank-tops.ru,['843361'],3
bank24rus.myzaim.pro,['161515'],5
banki-kredity.ru,['31811'],1
banki.loans,['416'],1
bankiclub.ru,['5621'],1
bankiki.ru,['146402'],3
bankirmfo.ru,['198' '70538'],8
bankiros.ru,[''],120
bankivse.fun,['502' '504' '194'],9
bankpro.su,['163504' '172208'],2
banksinfo.fun,['645' '199' '25634' '197' '672' '641'],84
berizaimbistro.com,['816'],21
best-banki.ru,['153214'],32
best-online-zaymi-ru.ru,['161515'],1
best-zaymi-online.ru,['161515'],1
best24zaim.com,['816'],1
bestonline-zaymi.ru,['161515'],11
bestonline-zaymiru.ru,['161515'],4
bestonlinezaymiru.ru,['161515'],2
bestzaymi-online.ru,['161515'],3
betcredit.ru,['15500'],1
bistro-zaym.ru,['19934'],292
bistrycredit.ru,['156414'],1
bkl1sg.site,['138547'],3
botzaimet.top,['63441'],3
boxberry.ru,['539733'],1
brobank.ru,['23038'],19
buryatka-sayana-zaim.ru,['130967'],66
bystryizaim.aqulas.me,['71368'],5
bzaim5.ru,['1517'],1
c2.poluchit-zaem.ru,['153590'],2
c5.poluchit-zaem.ru,['153590'],1
capitan.money,['45551'],16
cash-na-cartu.ru,['13'],3
cash-online.ru,['4779'],1
cash-v-dolg.ru,['13'],14
cash.1t-f.ru,['13'],114
cash.gdfm.ru,['13'],21
cash.gf-m.ru,['13'],53
cash.gf-media.ru,['13'],6
cash.r-tb.ru,['13'],2
cash.rt6.ru,['13'],2
casharing.club,['1055604'],105
cashbanan.ru,['666'],2
cashdaddy.ru,['17'],24
cashlux.ru,['174'],7677
cashopon.ru,['17316'],1
cashto-u.ru,['13'],1
cba106102.ru,['654'],1
chelyabinsk.bankiros.ru,[''],1
click-credit.com,['47493'],33
click.mail.ru,['34349' '147888' '172171' '25265' '159737' '17'],47
cmtrckr.net,['173'],1
coinfull.ru,['13'],1
com.google.android.gm,['17' 'c048c550-17b1-4c80-a3bc-247fbd2d539e'],5
com.google.android.googlequicksearchbox,['' '163193' '172207' '65'],5
couponkodi.com,['44143'],3
crdts.ru,['45551'],132
credistory.ru,[''],191
credit-10.com,['50409'],1
credit-do.ru,['135211'],2
creditbus.ru,[''],1
credithub.twintwoo.ai,"['7c9b0059-f41c-4d72-bdc5-6038c8a339ef'
 'dc770ac9-d481-4027-9c05-e78cc0d4a211'
 '50889c06-409d-401f-ae53-9edf4a418d57']",210
creditom.ru,['1452433'],23
creditomat24.ru,['166664' '66247'],501
creditonlinetop.ru,['27930'],5
credits--on--line-ru.turbopages.org,['1501'],1
creditznatok.ru,['2703'],6
crt.leadcraft.ru,"['f8bd7383-ec56-44da-b7f2-d7c21da904c8'
 'fd7c9cb9-a691-4af1-8421-0e7955283937'
 'c050f7df-de6b-4f71-8dee-d7880904310e'
 '13b594cf-e351-441e-adfb-1e49a1fd70ac']",26
cv7.pw,['51570'],9
d4.poluchit-zaem.ru,['153590'],1
d6.poluchit-zaem.ru,['153590'],1
daemvzaymi.ru,['1081304'],1
daemzaimy.ru,['153214'],2
dengi-m.tb.ru,['144779'],2
dengi-onlain-m.tb.ru,['144779'],3
dengi-rf.ru,['174'],8
dengi-sro4no.ru,['156562' ''],365
dengi-v-zaimi24.online,['53116'],3
dengi-vzaem24.online,['53116'],1
dengi-vzaym.ru,['173982'],1
dengi-vzaymi.online,['53116'],1
dengi-vzaymi.ru,['53116'],2
dengi.rt-6.ru,['13'],5
dengivzaim.pp.ru,['26335'],1
dengomir.ru,['1517'],2
dengy-ludyam.ru,['78053'],3
dohods.ru,['16'],12
dolgozaim.ru,['142813'],33
dom-bankir.ru,['153214'],5
domzaymo.ru,['138840'],440
e-finmarket.ru,['5647' '159977'],390
e1.poluchit-zaem.ru,['153590'],3
e5.poluchit-zaem.ru,['153590'],1
ecap20.dengizaimvsem.ru,['153590'],1
eco.vkcredits.ru,['9'],3
ecp11.dengizaimvsem.ru,['77243'],1
ecp4.dengizaimvsem.ru,['77243'],1
ecp7.dengizaimvsem.ru,['77243'],1
ekapusta.com,['31447'],961
ekaterinburg.1000bankov.ru,['6578'],1
ekaterinburg.bankiros.ru,[''],1
electrozaim.ru,['8'],23
epiczaim.ru,['130779'],4
esta1.dengizaimvsem.ru,['77243'],1
evrej-finans.ru,['168022'],11
express-cash.online,['75283'],1
expresszaem24.ru,['22199'],1
f3.poluchit-zaem.ru,['153590'],2
f5.poluchit-zaem.ru,['153590'],1
f8.poluchit-zaem.ru,['153590'],2
fin-loan.com,['25251' '21887' '59599' '21627' '43231'],14
fin-market.com.ru,['34349'],16
financehub.su,['119874'],1
financelife.ru,['206454'],1
findozor.net,['51010'],10
finkontrol.com,['29859'],1
finkot.ru,['156562'],32
finkrsk.ru,['24102'],1
finmart24.ru,['10743'],1
finserviz.ru,['156562' ''],23
finspin.ru,['77550'],12
finuslugi.ru,[''],23
free-dengi.ru,['77'],3
free-zaym.ru,['27805'],1
frombanks.ru,['21785'],2
gdezaim.ru,['6578'],6
getmicrozaim.ru,['153214'],1
gl.guruleads.ru,['16' '2764' '7044' '2024' '1506'],5
glav-zaim.ru,['16'],4
go-mfo.ru,['46928'],12
go.cityclub.finance,"['KOxoXr' '4QCp' '5eDh' '3xlW' 'B1z' '9L5' 'wjLWJJ' 'MjvkvA' '8qL0M2'
 'vg1q4M' '4F71' '4QsT' 'JZwM8D' 'X6K4OA' 'r04lMw' '76KGrr' 'WnNvEW'
 '98MwvD' 'j24MPR']",330
go.mail.ru,['75490'],1
godzaim.ru,['14'],1
goo.su,['1365439' '172171' '14205'],11
goodmoney.online,['166301'],123
goodzaim.online,['77181'],1
gustacredit.ru,['17'],16
gustozaimy.ru,['16109'],6
hehelp.ru,['8'],15
helpzaim.ru,['25'],60
hold-zaim.com,['816'],62
http://away.vk.com/,['129922' '8' '45551'],17
http://creditomat24.ru/,['66247'],5
http://ldtgt.ru/,['794' '993'],2
http://prosto-zaimi.ru/,[''],2
http://prosto-zaimi.ru/6759tw7w/3415,[''],1
http://yandex.ru/searchapp?text=,['75490'],1
https://1-zaim.ru/,['45551'],5
https://1-zaim.ru/lander/kartacredit/?source=ryabina&affiliate_id=td&wm_id=&ad_id=&campaign_id=%7Bc_id%7D&keyword=&sub2=smsid286&sub3=&gclid=%7Bgclid%7D&yclid=%7Byclid%7D&sub4=6772760&sub6=&sub7=&sub8=&sub9=&sub10=&sub11=&sub12=sms&sub13=api&clickid=%7Bclick_id%7D,['45551'],1
https://1-zaim.ru/lander/zanimay/?source=Ruszaimrazvitie&affiliate_id=leadstech_cpa&wm_id=157&ad_id=&campaign_id={c_id}&keyword=&sub2=smsid3054&sub3=157&gclid=%7Bgclid%7D&yclid=%7Byclid%7D&sub4=1092224&sub6=&sub7=&sub8=&sub9=&sub10=&sub11=&sub12=sms&sub13=&clickid={click_id},['45551'],2
https://101-zaim-online.ru/,['28054'],1
https://1zmr.ru/lander/limezaim/,['45551'],1
https://apollon-zaym.ru/,['3507'],2
https://away.vk.com/,"['cf357a48-d500-4fb4-bdad-5e76c822c788' '154904' '52519' '146064' '1642'
 '156213' '141099' '137191' '150965' '167491' '37867' '127244']",16
https://bankiros.ru/,[''],11
https://bankivse.fun/grec,['66488'],1
https://banksinfo.fun/,['25634' '645'],3
https://berizaimbistro.com/,['816'],1
https://best-online-zaymi-ru.ru/,['161515'],1
https://bistro-zaym.ru/,['19934'],1
https://boxberry.ru/,['539733'],1
https://capitan.money/,['45551'],1
https://capitan.money/offers/,['45551'],1
https://cash.1t-f.ru/,['13'],1
https://cash.1t-f.ru/index/?sub2=cash1t-f6&sub3=%2079222195054&sub4=trigger_4_context_hourly_final--2022-02-03_13.response.csv&sub5=375&sub6=2&sub7=398&sub8=9&sub9=383&clientUuid=3039a3e3a210466c87968429949d7d1a,['13'],1
https://cash.gf-m.ru/,['13'],2
https://cash.r-tb.ru/index/?sub2=cashr-tb&sub3=%2079041903890&sub4=trigger_3_daily_final--2022-01-07.response.csv&sub5=375&sub6=2&sub7=401&sub8=3&sub9=383&clientUuid=,['13'],1
https://casharing.club/shop/go/1825,['1055604'],3
https://cashlux.ru/,['174'],85
https://cashlux.ru/?cid=juet077rpjrxcebswdl3fai8k3h5ozi5&user=965,['174'],1
https://cashlux.ru/?cid=kpmta147juf65bqv0w3jkv8iqcvrnrik&user=965,['174'],1
https://cashlux.ru/?cid=niveqid2iba3ygelkhwq4sprpt2brjbu&user=965,['174'],1
https://cashlux.ru/?cid=s0qk7cxxt6xxp1233w9qk8p9tznibx8p&user=965,['174'],1
https://cashlux.ru/?cid=tmtrugm1kffhhjimpbtmlhmvdwbs3gzh&user=965,['174'],1
https://cashlux.ru/black/?cid=7aj6yej7k9ffgkgpdcbrsyqmvzwq6234&user=15,['174'],1
https://cashlux.ru/black/?cid=8lsqy3b2tq3vs21vlf865uv6vrr61h00&user=15,['174'],1
https://cashlux.ru/new/bigdata1/?count=25&comb=1&cid=0mgbi8988vmay6mtjny4wu4ptxl1ztbu&user=18&del1=1618&del2=53&del3=517&del4=91&del5=28&del6=1615&del7=1616&del8=1423&del9=281&del10=269&del11=1656&del12=270&del13=230&del14=1097&del15=1485&del16=58&del17=304&del18=1731&del19=264&del20=1628&del21=&del22=&del23=&del24=&del25=&del97=21fe07&del98=37167f4b8b314de8dac02f402ece8dc9&del99=313202148514314778953612,['174'],1
https://cashlux.ru/new/bigdata1/?count=25&comb=1&cid=1zoqrn5pab8yngebwuznj7fxrq7kxlvo&user=1160&del1=1618&del2=53&del3=517&del4=91&del5=28&del6=1615&del7=1616&del8=1423&del9=281&del10=269&del11=1656&del12=270&del13=230&del14=1097&del15=1485&del16=58&del17=304&del18=264&del19=1628&del20=66&del21=&del22=&del23=&del24=&del25=&del97=9dc3d0&del98=18b33c107f36dd707126f256a3cd6501&del99=3113134758241566094212,['174'],1
https://cashlux.ru/new/bigdata3/?count=25&comb=1&cid=6yary1z4d8eznco6pzkbv3i9vciojuft&user=1160&del1=1618&del2=53&del3=517&del4=91&del5=28&del6=1615&del7=1616&del8=1423&del9=281&del10=269&del11=1656&del12=30&del13=270&del14=230&del15=1097&del16=1485&del17=58&del18=304&del19=1731&del20=264&del21=&del22=&del23=&del24=&del25=&del97=be3ad4&del98=932c06d4066cad94522f127d0eff99de&del99=312356327765152785247812,['174'],1
https://cashlux.ru/new/bigdata3/?count=25&comb=1&cid=idcqz3mvv6j50dy8lwlkrk7dwcm0jjx9&user=3604&del1=1618&del2=53&del3=517&del4=1615&del5=1616&del6=1423&del7=281&del8=269&del9=30&del10=230&del11=231&del12=1097&del13=1485&del14=1628&del15=58&del16=1731&del17=264&del18=1656&del19=1443&del20=66&del21=&del22=&del23=&del24=&del25=&del97=b89fc4&del98=f0e84d1634658be41092469d2b659395&del99=312287177085114109568912,['174'],1
https://cashlux.ru/new/bigdata3/?count=25&comb=1&cid=irnzyq8oqj0p0xxmgu374l1bk9uit675&user=15&del1=1618&del2=53&del3=517&del4=91&del5=28&del6=1615&del7=1616&del8=1423&del9=304&del10=281&del11=269&del12=30&del13=270&del14=230&del15=231&del16=1097&del17=1485&del18=1628&del19=58&del20=1731&del21=&del22=&del23=&del24=&del25=&del97=b07602&del98=f8be7b917ab77747cbcdeb800f2ddc91&del99=312789947019168262068912,['174'],1
https://cashlux.ru/new/bigdata3/?count=25&comb=1&cid=odnl6xmcbrywbbmfs578ic66swcvnto2&user=3604&del1=1618&del2=517&del3=1615&del4=1616&del5=1423&del6=281&del7=269&del8=1656&del9=30&del10=230&del11=1097&del12=1485&del13=58&del14=1731&del15=264&del16=1628&del17=66&del18=231&del19=1279&del20=1358&del21=&del22=&del23=&del24=&del25=&del97=282980&del98=9d2d6554ad95a08f8c21d7c2fc471f96&del99=312985861234225062080212,['174'],1
https://cashlux.ru/new/v1/?cid=8dmrrktlqax6kyrclyzqbf5ljunppn0z&user=2737&color=&color2=&comb=1&vbot=0&count=17&del1=269&del2=517&del3=281&del4=&del5=&del6=&del7=&del8=&del9=&del10=&del11=&del12=&del13=&del14=&del15=&del16=&del17=&del18=&del19=&del20=,['174'],1
https://cashlux.ru/new/v4/?cid=h5pejkf8s7yf2gaf8m3b5o3ucv9n4423&user=3570&color=3c6&color2=000&comb=1&vbot=0&count=30&del1=231&del2=230&del3=&del4=&del5=&del6=&del7=&del8=&del9=&del10=&del11=&del12=&del13=&del14=&del15=&del16=&del17=&del18=&del19=&del20=,['174'],1
https://click.mail.ru/,['17'],1
https://couponkodi.com/,['44143'],1
https://crdts.ru/,['45551'],2
https://credistory.ru/,[''],2
https://credithub.twintwoo.ai/,['dc770ac9-d481-4027-9c05-e78cc0d4a211'],1
https://dengi-sro4no.ru/,[''],8
https://dengi-sro4no.ru/zaim8?sid1=sms_p1&sid2=JoTil&hr=1,[''],1
https://dengi-sro4no.ru/zaim8?sid1=sms_p1&sid2=kot8k&hr=1,[''],1
https://dengimoney.ru/,['153214'],1
https://dengomir.ru/lk,['1517'],1
https://domzaym.store/,['167155'],1
https://e-finmarket.ru/,['5647' '159977'],3
https://ekapusta.com/,['31447'],15
https://ekapusta.com/customers/loans/reject,['31447'],1
https://free-zaym.ru/,['27805'],3
https://free-zaym.ru/?lg_uid=aeaaf89b-b124-4965-8acf-31ccf7108563,['27805'],1
https://go.cityclub.finance/,['5eDh' '4QCp' '76KGrr' 'MjvkvA'],10
https://go.cityclub.finance/click-AQGSSE8A-NJFQB9GU?bt=25&amp;tl=1,['4QCp'],1
https://go.cityclub.finance/click-HQEF1R3V-NJFQB9GU?bt=25&tl=1&sa=sms,['9L5'],1
https://goodmoney.online/,['166301'],1
https://goodmoney.online/?sys_sub5=back_bounced&aff_sub1=back_bounced,['166301'],1
https://ieskharchy.ru/,['90863'],1
https://infozet.ru/,[''],1
https://instazaim.ru/?demand_id=18985470,['2024'],1
https://kartozaim.ru/,['102'],1
https://kredit024.ru/,['156534'],3
https://kredit24.su/,['58197'],1
https://kreditinfo.space/,['654928'],1
https://kreditsrochno24.com/,['162247'],1
https://kreditter.fun/,['671'],1
https://kredius.ru/,['45551'],2
https://kredovik.com/,['45551'],1
https://ldtgt.ru/,['787' '968' '843' '796' '248'],10
https://ldtgt.ru/go?aff_id=1496&utm_1=nZl&sid=x6xkKE&pid=04EYB&ud=ba2ffdf3-3fff-4533-911f-1a28423f6221&sd=8750079,['1496'],1
https://ldtgt.ru/go?aff_id=968&utm_1=1165185&ud=a31ee5e3-aa22-4a0f-b99e-3d2de56ea346&sd=7096059,['968'],1
https://m.vk.com/,['129922'],1
https://mainfin.ru/,[''],1
https://mango-zaym.ru/,['27805'],3
https://manymani.ru/,['129820'],1
https://mfo-rating.ru/,['53258'],3
https://mickrozaim-ru.cdn.ampproject.org/v/s/mickrozaim.ru/bez-protsentov/amp/?amp_js_v=0.1&usqp=mq331AQKKAFQArABIIACAw%3D%3D,['21887'],1
https://mobile.ok.ru/dk;jsessionid=a5c4029ed3c332d1c657c1583bf3447da3618ee6124ee297.90cc2d0e?st.cmd=userSSOConfirm&st.rfn=https%3A%2F%2Fok.me%2Fqmxx&st.sso=off&_prevCmd=apiRedirect&tkn=6751&__dp=y&__dp=y,['156213'],1
https://mobile.ok.ru/dk;jsessionid=b300214ce670db3eda6c9480c3da4edf15c5f3a74fd468a8.53385417?st.cmd=userSSOConfirm&st.rfn=https%3A%2F%2Fok.me%2Fqmxx&st.sso=off&_prevCmd=apiRedirect&tkn=232&__dp=y&__dp=y,['156213'],1
https://mobile.ok.ru/dk;jsessionid=b878f9c2374b0e7c6577590ea5f2421036629f1cb89bce7d.827f35f3?st.cmd=userSSOConfirm&st.rfn=https%3A%2F%2Fok.me%2Fqmxx&st.sso=off&_prevCmd=apiRedirect&tkn=1429&__dp=y&__dp=y,['156213'],1
https://money2day.ru/,[''],3
https://money2day.ru/open/234?sid1=sms_qt&sid2=FMK8k&hr=1,[''],1
https://money2day.ru/open/234?sid1=sms_qt&sid2=XjP6k&hr=1,[''],1
https://moneystar1.ru/,['64005'],3
https://moneystar1.ru/?lg_uid=8fc2f7e6-b08b-47c5-aa67-81cea6266129&utm_content=b_mfo_n_1901-3101&utm_source=mobile,['64005'],1
https://mozzaim.ru/,['8'],7
https://nzaem.ru/,['45551'],1
https://okzaym.xyz/?sub_id1=e-16917369&sub_id2=network&sub_id5=Vitrina_3&yclid=353677202085440436,['179945'],2
https://on-linezaym-24rus.ru/,['161515'],1
https://online.equifax.ru/home/offer,['41790'],2
https://otpisatsya-ot-zaimov.online/,['67737'],1
https://regzaemy.ru/spisok-onlajn-zajmov-na-kartu-bez-otkaza-i-bez-pereplat.php,['9899'],1
https://ru.myfin.by/,[''],3
https://ru.myfin.by/mfo/lime-zaim/lichniy-kabinet,[''],1
https://ruszaimrazvitie.ru/,['45551'],3
https://ryabina.org/,['45551'],2
https://search4money.ru/,['' '156562'],6
https://simple-zaim.com/,['75290'],1
https://starplay1.ru/,['64005'],2
https://trk.zaymtrack.com/,[''],1
https://unicom24.ru/,['1'],2
https://vozmykredit.ru/,['174'],1
https://vsezaimy-online.ru/v/6Laxi/?sub_id5=Vitrina_2,['41476'],3
https://vsezaimy-online.ru/v/mLRjL?sub_id5=Zaimi_bez_otkaza,['131584'],1
https://vsezaimyonline-ru.turbopages.org/,['1529'],1
https://vyborzayma.ru/,['2703'],1
https://www.banki.ru/,['' 'AFFID'],57
https://www.cashandgo.ru/,['28267'],3
https://www.kreditistar.ru/,[''],1
https://www.moneylong.ru/,['2178'],1
https://www.skorodengi.com/,['58897'],1
https://www.sravni.ru/,"['1025a0cfcfa95a4f7f877fcc9fd398' '1025440cd422295ba336a6a0a196ba'
 '102474e827e98a5142852230695f60' '102da992f055260f847b0b939853c4'
 '1028ce5c299e02403060f86f5b69f1' '1022c67ccd3d53f0e59d35019ccc0e'
 '102b47bd90a4675d9026487bddc130' '1025d514b1493858184c0c9b969e49'
 '102f029b55c72a472fbcc792b761b1' '1022ef14d34554d939a4e9c3339dd1'
 '10227476458518c545dd80efce13bd' '1021e6f5f0df0b45e243e1de36dab3'
 '1025916ead81936c686fa45cfdfd7f' '10219eee4ec22b0e418b0ce1ccd937'
 '1026125762d434433e0b35aba5b107' '1021bea9f3fec93042624322b514e8'
 '1026f49544d691c652ed582cfac152' '1028c1bbf8a7ea3c026aae1dc86cec'
 '1020ac52d9ebf3bba0d6a18e71edf1' '1022eb4a15ffd08a53690ac5749714'
 '102c838b7304e0c0ed10cabd3e1c10' '1024c8e1b145170ee9c37352fd7237'
 '1023e02645c4c9c5a4b1647bab7546' '1029de68bbef120d4cf50cd64617eb'
 '10213c19572e22da1a4c351efd4fa3' '102605dcb961ae4e55fcb17a3e5114'
 '10253e27e4cf31ac93d2ceccbbd9e3' '102d3adf463c4e7c98cfb620b28a3f'
 '102dc7141d7171504af9082a60c71c' '10244af6951b80c0422d5d42cc7529'
 '102b3d05d3b0d6ff6b1de69e0916c0' '102089149d7187377595310bb947f7'
 '102b2c91574b356fc0a3646a8e2587' '102dc6e03feabd4bd12ab9dd5e1ff0'
 '102fc6c426f6ef8eb63b934f4bb4e4' '1021375bcbf2092671ef0225fe863d'
 '102e10805477177c792cb2b59292bd' '102f6f404e93f289a2de3d29558009'
 '102aed857b48d0e59d670f3c2d014b' '102436d9eb36bba950525d0652bb86'
 '102fb08618f2bde254ccf3e52c346c' '10271e0627df7d44c62ecd27a6dfcb'
 '1022102a1173509153d365035f0f4d' '10297c3f9f9ff468eea740d86adb74'
 '10263796ca535f883b60136e37c4bc' '1026ecd709431d6fc0091615d11e0a'
 '102079a65bcfd6d4888d279da3f69a' '102e0a8fdd3ff22dd0dbd708a5b397'
 '10213629acd8be1231f7fdf13ffa1f' '1028bf951478f6b4061c5d5c226b7e'
 '102a726c3ce619b6c194182922cfae' '102ff467e0825db584f248df83953b'
 '1021d953edd9562ea9737c3d60c87a' '102a5f96db03005c395deb306bef45'
 '10286d75377349f8818e815b2066e9' '102d1734bd41374af7ea139f456353']",57
https://www.sravni.ru/zaimy/,['10223eec1091de3c33a7cd67704bab' '102926950350cf51510f479fea7e3f'],2
https://www.sravni.ru/zaimy/?utm_source=google&utm_medium=cpc&utm_term=&utm_position=&utm_placement=_m&utm_content=462521330121--dsa-413605891103--11063401598--116931142268----g--_m--1011931------_--&utm_campaign=sravni_mfocred_g_search_msk_dsa&gbraid=0AAAAADLTZg-pWkrkSxlowTRArDPrcV14_&gclid=EAIaIQobChMImO2j2q319QIVSrTVCh2keg1HEAAYASAAEgJ8IPD_BwE,['102d7ddea70a2cbe3c0800eaf80b43'],1
https://www.sravni.ru/zaimy/bez-otkaza/?utm_source=yandex&utm_medium=cpc&utm_term=%D0%B7%D0%B0%D0%B9%D0%BC%20%D0%BE%D0%BD%D0%BB%D0%B0%D0%B9%D0%BD%20%D0%BD%D0%B0%20%D0%BA%D0%B0%D1%80%D1%82%D0%BE%D1%87%D0%BA%D1%83%20%D0%B1%D0%B5%D0%B7%20%D0%BE%D1%82%D0%BA%D0%B0%D0%B7%D0%B0&position_type=premium&utm_campaign=sravni_mfocred_search_rf_bez_otkaza_mobile_64304024&utm_placement=none_{device}&utm_content=k50id--0100000033266381008_--cid--64304024--gid--4648399526--aid--10997476197--adp--no--pos--premium2--src--search_none--dvc--mobile--_0_10997476197&yclid=64508335500820479,['102628efcd7063235f7f44ffaba0c9'],1
https://www.sravni.ru/zaimy/lushie_zaimy_61_dney_i_bolee/?utm_source=google&utm_medium=cpc&utm_term=%D0%B7%D0%B0%D0%B9%D0%BC%D1%8B%20%D0%BE%D0%BD%D0%BB%D0%B0%D0%B9%D0%BD&utm_position=&utm_placement=_m&utm_content=485223151851--kwd-35561051447--11814310963--115612289980----g--_m--1012012------%D0%B7%D0%B0%D0%B9%D0%BC%D1%8B%20%D0%BE%D0%BD%D0%BB%D0%B0%D0%B9%D0%BD_p--&utm_campaign=sravni_mfocred_g_search_rf_lp_online&gclid=Cj0KCQiAxc6PBhCEARIsAH8Hff2-OGTMNOFcI8Z9nRWN-O-uysVNQgM2yd7KvE7yBl5hoEMIjDKqeYQaAuQ_EALw_wcB,['1029d67ba78c5c15a0def207ad33e7'],1
https://www.sravni.ru/zaimy/lushie_zaimy_61_dney_i_bolee/?utm_source=google&utm_medium=cpc&utm_term=%D0%BC%D0%B8%D0%BA%D1%80%D0%BE%D0%B7%D0%B0%D0%B9%D0%BC%D1%8B%20%D0%BE%D0%BD%D0%BB%D0%B0%D0%B9%D0%BD%20%D1%81%D0%BF%D0%B8%D1%81%D0%BE%D0%BA&utm_position=&utm_placement=_m&utm_content=514674460797--kwd-347460028021--11814310963--115612285140----g--_m--21346------%D0%BC%D0%B8%D0%BA%D1%80%D0%BE%D0%B7%D0%B0%D0%B9%D0%BC%D1%8B%20%D0%BE%D0%BD%D0%BB%D0%B0%D0%B9%D0%BD%20%D1%81%D0%BF%D0%B8%D1%81%D0%BE%D0%BA_p--&utm_campaign=sravni_mfocred_g_search_rf_lp_online&gclid=EAIaIQobChMIxt_x2f7i9QIVj6l3Ch2ZoQHEEAAYASAAEgIXm_D_BwE,['102e1878f9825336e2d1c901ba214d'],1
https://www.vbr.ru/,['63099'],1
https://www.yandex.ru/,['75490'],2
https://www.youtube.com/,['2660' '22279'],9
https://www.youtube.com/watch?v=Qc7KxDHvVWg,['2660'],1
https://www.zaimi365.ru/,[''],3
https://www.zaimi365.ru/go/lime-zaim.ru/ad-fr-m1011/Cj0KCQiA_c-OBhDFARIsAIFg3ex8xGphl7V2SBaWS-QV-xe5uuO28PRbyifuXZePKRYcOjaCPV2GNFEaAmaKEALw_wcB?p=2,[''],1
https://xn-------h4ddfbgd8a5brw5r.xn--p1acf/,['140439'],1
https://xn------6cdbbb6aavudqyjahhsuqd2aoz3d8h.xn--p1ai/?source=none&key=%D0%B7%D0%B0%D0%B9%D0%BC%20%D0%B1%D0%B5%D0%B7%20%D0%BF%D1%80%D0%BE%D1%86%D0%B5%D0%BD%D1%82%D0%BE%D0%B2%20%D0%BF%D0%B5%D1%80%D0%B2%D1%8B%D0%B9&block=premium&pos=2&yclid=507855147958590125,['147054'],1
https://xn---10----6nfchie7avfcyx3a4aigdd4es.xn--p1ai/,['43896'],2
https://xn---10----6nfchie7avfcyx3a4aigdd4es.xn--p1ai/?utm_source=yandex&utm_campaign=65303299&utm_content=4680464246|11117511181&utm_term=33799822603&yclid=8204251226019725311,['47493'],2
https://xn---15--83dm7ar1amid1b.online/redirect/?offer=66&link=aHR0cHM6Ly9nbC5ndXJ1bGVhZHMucnUvY2xpY2svMTQzMC81NzY/c3ViNj1MaW1lJnN1YjI9Q2owS0NRaUF1dk9QQmhEWEFSSXNBS3pMUThFZ1ZWYkhYR1dmS3Q0WTQ4a21ZRG9VRU9kdmpmNXdncHBkMFBEbjQzTlFhdHYwYjlKUnNMa2FBbVcyRUFMd193Y0Imc3ViMz0zMDU1NzQxMTkyJnN1YjQ9MjAyMi8wMi8wNCAxOTowMjoyMiZzdWI1PS0xJnN1YjE9emF5bV9uYV9rYXJ0dSZzb3VyY2U9MTUmc3ViNz0xNzAwNzUzNjA2LjE2NDAwNjI3MjQ=&gclid=Cj0KCQiAuvOPBhDXARIsAKzLQ8EgVVbHXGWfKt4Y48kmYDoUEOdvjf5wgppd0PDn43NQatv0b9JRsLkaAmW2EALw_wcB&yclid=&fbclid=&uid=3055741192,['1430'],1
https://yabs.yandex.ru/count/WoOejI_zO2K3vHW0H2jWuOlR8IwSimK09GGnbGdNOG00000uZgbF0d3usiFKhx2SqiK1W07dtfhVoUlbqvi1Y06DcDBGWG6G0Tg2XTFKW8200fW1seA5qrIu0QJ1sAWZm06Y0TW1iEssdm7W0VBhjfy1w06U0uW2egIO0PW2r8BI5w02reBI5zW20l02bFF1g0gO0uMiEzsI1VW4swzAY0NRhqgG1SkAJw05gTWMg0MYz1Am1QBq4hW5nOqKk8gnYmN11l4YnI1DwjFtoGQK1KUlBmBOIwa7Yj0uH0GSpVkm1u20c3ou1u05yGVOLiOciigNS8081iaApQ6Jc1iLzJ_u2e2r6AeB44Twqm2Aq000kOtsTUlK1G3P2-WBswzAy0i3Y0oaxkM-0QaCG0dOi76rj3_e39C2u0q2YGvIk1w5wr6O3fIBdFhwnO3is0u5sG-04DZqWo2G4CIqsz7uqvJzX8o010AX4PAqu8b-Ory_iHBmlPFdF9dcFuWJ0v0JCfZW4yMD5A0KnOqKg1JBYa_XvCwC1kWKZ0BG5VQ4nuu6s1N1YlRieu-y_6FmoHRG5gJkvRu1WHUO5_lruose5m705xGIs1V0X3sP6A0O1B0OiVpRZWRG60Bu68-3aypyzlJSXW606P0P0Q0PgWEu6V___m7I6H9vOM9pNtDbSdPbSYzoDZ0uBJVe6O320_0PWC83WHh__uzLPElka8WQm8Gzc1hKmrEW6eF3eTcShQ_GDR0QgUYNlVlK_DCKzHe10000WXjDCJOqCJGuCZOqD3WvCpGvCYqnCJ8vCZ4tCp4uCZCqDZKnCZ0rDIrsR64nBJ4qE3SjTcnXBMmtBM9XR65kOsLoBJWmE30jGa5CBJaoDZ2m6qYu6mE27EaSW1t_VvaTe1u1g1u1q1xDsRpqvBwEuXRO7lhQ7g0VsFI38B0V0ny0E8GmKCOvHE3LPXX9l8BFQIZ3Jt9f4gbQa8RBbf_ycMkx5AB4dSEtu5afv7Z74SBcyMhGruu91diCssmWh4rfBZGnGRdbm_etrVp3z9mB8EyVe8arWQ_RmzLOfsjYl-QdG24E7W00~1?etext=2202.3SGA8lGY8KT2uoKUm3Vvm3e-YmjtSgjOkdRF06Ap-DFoZGNudGtrZGtvc3hscnhw.93be341fa8e3ddf78fc2e170a7708fa6261bf57e&from=yandex.ru%3Bsearch%26%23x2F%3Badonly%3Bweb%3B%3B0%3B,['75490'],1
https://yabs.yandex.ru/count/WpyejI_zO0S3hHa092qKG5xNcaUAt0K01mGn7ItVOG00000uv9Cx0d3usiFKhx2SqiK1W06Daj31r9tqzak80UkNqj210P01s8A5qzI0W802c07OWeNJLBW1fC7Og2F00LpO0R3jjfy1u07owxQV0UW1dWEO0jI2qXUW0jQ2qXVO0WBm0itlfe8Cc0FzjJVFzGZu1AgHBOW5gf4ja0N0jbQW1ShY3QW5wBmBi0Nel0ku1S3y5S05WCyvo0M0qmx8jPcQ0w06oga1g0RAgG791fMCgjnMNsIAgGU7uhInmzoz_R07W82O2BW7j0Rn1vcLtHwNk0cEX8A0WSMhWSaAcnOIz004-3_u2e2r6AeB49d0C7M7uW00rsicfcVL1G3P2-WBgf4jy0iAY0oaxkM-0QaCSFG4PvkLpp_e39D0YGvhcdUSeYEvbPcgvUtgbxAAeG_uFu0GsFI388o01D0GZfkoNous6EDpVc8_iHA-7PXMR_JdF-aIjtrHSpLV6ua2g1E3pDVzj8JKajlW4y3y5O0KW22W5C3y5QWKmBPMuUJEZ0Re58G2o1Nop8Bf2j0LZkZSZWRO5S6AzkoZZxpyO_2W5f3K_uu6oHRmFz0MfExblW7W5WI15vWN-_NZBQWN2S0Nj1BO5y24FPaOe1W4i1YmmFoE1j0O8VWOvQwhrDd7t-n0W1cmzBZYqBsHkI2G6G6W6Sgf0R0Pk1d___y1qXaIUM5YSrzpPN9sPN8lSZOnC2qnw1c0mWFm6O320_WPWRJ-7O4Q__yxwWjWT_E86i24FPWQywGge1g3mw7PdAslq3Mm6e7giAxWhwha7VKQ0G00088R8JavDp8oC30pC34rDpanCJ4rDpCrEJ0sDZWqDZWvEJ0uDx0RBhWR0k0RmBPMWXmDIrP2EdDwQ50mOqTND-aSW1t_VvaTe1u1g1u1q1xDsRpqvBwEuXRO7lhQ7g0VsFI38B0V0SWVsBRRJnu0E8IiFcCDsH1PMmRkuzh5JtBV4FL0nvdBzXxzcSC2u47nVtv9SaWM4Dj13YAG4iWHAIyUUvM4eGY-wTWuW22Q81wERo2UbS8wdlKrwrL3WafupWN80pJPg4oT4gD6Y340~1?etext=&from=&q=%D0%BB%D0%B0%D0%B9%D0%BC+%D0%B7%D0%B0%D0%B9%D0%BC+%D0%BB%D0%B8%D1%87%D0%BD%D1%8B%D0%B9+%D0%BA%D0%B0%D0%B1%D0%B8%D0%BD%D0%B5%D1%82,['75490'],1
https://yabs.yandex.ru/count/WrSejI_zO1O3RHe0v2ricDlF7GQZo0K05WGnU53jOG00000uv9Cx0d3usiFKhx2SqiK1W06Daj31r9tqzak80UkNqj210P01s8A5qzI0W802c07OWeNJLBW1fC7Og2F00LpO0R3jjfy1u07owxQV0UW1dWEO0jI2qXUW0jQ2qXVO0WBm0itlfe8Cc0FhvJQpWGRu1Dl968W5syaOa0NCb2EW1Tk_1wW5uPy6i0NXdmQu1Ppu2DA7Y8S2e0RMm0Ae1jR00hW6gWF91YY_NyR-N-DfgGTJsZGScyWS0R07W82ODBW7j0Rn1vcLtHwNk0cE-0S2gu792jC-fKh-RkS_-0g0jHYg2n2fW8oyKze006r6764_rWK0sGle2zl96F0B2uWCfExblW6f3C3a-ebA4y2_w0oJG8aEQvftdA8ZkQZ-_hBi_zVnQQ0Em8GzeG_P3u0GsFI388o01D0GZfkoN_WGW16O4O7n7Q4HSECexuwMK3-n4lZl-djoFka_wH9Mr6rwWUbrxFWI0u0J6GAe4wICmf7ssVQQu1ES-0Y0580We1IS-0Ye5CoK8-7apem6w1IC0iWLyio2wGhG5OdXgey6s1N1YlRieu-y_6Fmc1QkzuIF1g395l0_q1QaxkM-0U0M184Nc1VxzUCjg1S9m1UqCjWNm8GzcHYW60Im6Bg7jOy6q1WX-1ZAgxpJlk6de1k06R3qkEBGlP6v890P0Q0Pri02i1cu6Vy1qXaIUM5YSrzpPN9sPN8lSZOnD2qnw1c0mWFm6O320_WPWRJ-7O4Q__yhmchqP8-86i24FPWQrCDJe1g3mw7PdAslq3Mm6lBVn8x2dVJjHFKQ0G00088R8JSsCp0mD3StD34rDJ0oD3StCZ0oDJSpE34qC3KqC38mEB0RJRWR0-0Rp9GZWXmDKtX1EciuMcbETbTND-aSW1t_VvaTe1u1g1u1q1xDsRpqvBwEuXRO7lhQ7g0VsFI38B0V0SWVsBRRJo40E8IiNiOOV9B80IAudhGKFybzawWryi0gWyzbUw7-p47YVAPchWH4zqBacND8TeeW5WevYDMT1-3HZOstLTsyIBdAZWac55c089mW7evi8DwLmZeit5JB7uXd1-G1-WLJYGeVbQcZJTG8WGS0~1?etext=&from=&q=%D0%BB%D0%B0%D0%B9%D0%BC+%D0%B7%D0%B0%D0%B9%D0%BC+%D0%BB%D0%B8%D1%87%D0%BD%D1%8B%D0%B9+%D0%BA%D0%B0%D0%B1%D0%B8%D0%BD%D0%B5%D1%82,['75490'],1
https://yabs.yandex.ru/count/WtKejI_zO1m3NHi0r2ylUN5EMoFO8GK070GnJgpKOG00000uXAz40d3usiFKhx2SqiK1W06Daj31r9tqzak80UkNqj210P01reA5qzI0W802c07MWeNJLBW1fC7Og2F00LpO0R3jjfy1u07owxQV0UW1dWEO0jI2qXUW0jQ2qXVO0WBm0itlfe8Cc0ECwpM3_GNu19gwN8W5chfSa0Mmq5sW1RYQ7AW5sS0Ni0NPm1Uu1V3c5_I_nlO1e0ROhG6e1jYj0RW6s0B91eNIPwaQeLCIgGSvsW3SxCmy-x07W82ODBW7j0Rn1vcLtHwNk0cEX8A0WSIhWSaA043u2e2r6AeB47yajt8vsW00ShOmOiVK1G3P2-WBchfSy0i3Y0oaxkM-0QaCb5oTn63Wvp_e39V0W904YGuGUZQhFbUhpxotySp9bFHie0x0X3sX3_W_W13Oz8CWZ804q12Ecx9V-13k__y1W17er2UCFkbqRZ-n4dIUy2FGFU4_wHBiAyuyqimhLl0Ixv0JCfZW4_3c5u0KW22W5F3c5wWKiD3XvCwC1kWKZ0B85VBCWkaAq1NsXCUE1jWLmOhsxAEFlFnZyCaMy3_G5gJkvRu1u1O4WHS00F0_c1VxzUCjg1S9m1Uq4jWNm8GzcHYW60Im69Ykqeu6q1W2-1Yoj9MZnQAHklO1W1cG6G6W6TYj0R0PXQMVowgZwAaIk1d___y1qXaIUM5YSrzpPN9sPN8lSZOmE2qqw1c0mWFm6O320_WPWRJ-7O4Q__ypSjE9X2286i24FP0QW820W82GW42O6jJ3Kw0QWyEXsPojhz0ri1hsxAd-vEVCfya1mXeaE3OnP3CsEMKjP68nCIqqD3GnBJamPJSjPJCuOpHXDZ8rC3WozHe10000WXiWDpCqCZSuCZaqCZSvDJ4rC3GqC34sD34pCZWvCpaqC3Qm6q6u6mFW6x3GNO8S3J9uGJemTb5lPLKqLpVf780T_t-P7G3mFw0U0QWU0T0UpTcyzEI-Zk8Ms1xwsXwW7zZqWo2m7m4Y040GF8zbnH9vR8FDXZAOYd082cu6dils05-9Na2c46MIjmQ7ap1Svf00892470JcpWQqZ99634cJaCpswWk4UeiWuFjGGOmTRo2kcnXmby8w1bcxpY4e5iyPpWCq2Hu8rjkZeHhZ9cg4m0C0~1?etext=&from=&q=%D0%BB%D0%B0%D0%B9%D0%BC+%D0%B7%D0%B0%D0%B9%D0%BC+%D0%BB%D0%B8%D1%87%D0%BD%D1%8B%D0%B9+%D0%BA%D0%B0%D0%B1%D0%B8%D0%BD%D0%B5%D1%82&reqid=73427829427951504401641328939406&test-ids=&test-buckets=&from=suggest%3Bapp-search-touch-android,['75490'],1
https://yabs.yandex.ru/count/WwaejI_zO5G3_Hm0f3Cr2c0Zcy0QJWK0L0GnmQa3OW00000uXAz40d3usiFKhx2SqiK1W06Daj31r9tqzak80UkNqj210P01reA5qzI0W802c07MWeNJLBW1fC7Og2F00LpO0R3jjfy1u07owxQV0UW1dWEO0jI2qXUW0jQ2qXVO0WBm0itlfe8Cc0EgcpQEjmtu1FUiK8W5zwnGa0Nkq841e0NZmHYe1UYs5B05wBOKk0N3-Y3Wbh_q0Q06W06e1e01k0PsoGPeM_oBpueQEwa7_jJyjbhOS0Qm1u20c3ou1xG6yGUPbTqUbxW9Ze082j08X8A0WCIhWSaAWYoDIN170K3u2e2r6AeB485iSD_-r000EoqCPPJN1G3P2-WBzwnGy0i3Y0oaxkM-0QaCG3hiD8D8nx_e39V0W904YGuGUZQhFbUhXwtBYDIea8mke0x0X3sX3zaFW13Oz8CWZ804q12Ecx9V-13m__y1W17nc17ZdH-3p-FOS-niFx4I1kDgh5CCwJ_f4XQlbo4QpfFGy1Bl__y1Y1C3cE0Jm_eWW1I08A0Km_eWg1Jkq87XvCwC1kWKZ0B85VBCWkaAq1M9uQgF1jWLmOhsxAEFlFnZy9WMa8MEa0QWoHRG5gJkvRu1u1O4WHUO5_lruose5md05xGss1V0X3sP6A0O1B0OvxIEa0RG60Bu6AE5YkEEZeoMNO0Pa1a1e1c00R0PwBRnt_ZPeeqxk1d___y1qXaIUM5YSrzpPN9sPN8lSZOoCYqow1c0mWFm6O320_WPWRJ-7O4Q__-t6M7jyXc86i24FP0QW820W82GW42O6lEaAg0QWyEXsPojhz0ri1hzcTFGaVdyyea1mXeaE3XbCp5XCM8jOc4vDoqqOcPYBJWvOsKjPJbZC30mCJbcEJ0uqXeaCsHaPMHcPZKjPJHYPIrXCcPcBMOtEMKjOcOoOsPcDpXYP38uzHe10000WXiWDZSoCZ8oD3WoCZSuDpaoC3CtC34sD3GqC3SoC3KrDpAm6oQu6mBW6-xGWG6270rJOa4wDpP9CZTfTrStwHo07Vz_cHsW7W6e7W7G7itPlFJalexY5jWU-jeUe1_Oz8CWi1y1o1_OjjjF7m0uX11GnlCT8bBx1pCFPVX9xWsXjqUQoeXpsKXSK3rRJ27ati7OPGu9C7JswdOkeMKKCc98bKGMFpnCgBVq0RxF4yJOaGt4mr9OnoW7CtFYEHTwW2RsxhrkZuPgZ9ke4G8F~1?etext=&from=&q=%D0%BB%D0%B0%D0%B9%D0%BC+%D0%B7%D0%B0%D0%B9%D0%BC+%D0%BB%D0%B8%D1%87%D0%BD%D1%8B%D0%B9+%D0%BA%D0%B0%D0%B1%D0%B8%D0%BD%D0%B5%D1%82&reqid=67222248227879203701644407205572&test-ids=&from=suggest%3Bapp-search-touch-android,['75490'],1
https://yandex.ru/,['75490'],4
https://yandex.ru/news/story/Naemniki_izCHVK_SSHA_vDonbasse_pokazali_kadry_unichtozheniya_pozicij_opolcheniya_DNR--35e601dea8eb7ac34cd71d4bbd7bfb32?lang=ru&from=story&wan=1&stid=gvYtCvu1cqzM1di-u8Yq&t=1643971663&persistent_id=178690089,['52356'],1
https://yandex.ru/searchapp?from=zen&text=,['52356'],1
https://za5min.ru/,['8'],1
https://zaem-365.ru/,['2700'],12
https://zaem-365.ru/?title=%D0%97%D0%90%D0%99%D0%9C%D0%AB%20%D0%9E%D0%9D%D0%9B%D0%90%D0%99%D0%9D%20%D0%91%D0%95%D0%97%20%D0%9E%D0%A2%D0%9A%D0%90%D0%97%D0%90&utm_source=google&utm_medium=cpc&utm_campaign=net|g|cid|14149100804&utm_content=537200678634&utm_term=%D0%B7%D0%B0%D0%B9%D0%BC%20%D0%BA%D0%B0%D0%B6%D0%B4%D0%BE%D0%BC%D1%83&adposition=&matchtype=b&device=m&target=kwd-394496051027&utm_term=%D0%B7%D0%B0%D0%B9%D0%BC%20%D0%BA%D0%B0%D0%B6%D0%B4%D0%BE%D0%BC%D1%83&matchtype=b&utm_source=google&utm_medium=cpc&utm_campaign=MFO_-_MSK_-_Poisk_-_zaem-365.ru_-_zajm_1_Moskva_i_oblast_&gclid=Cj0KCQiAxc6PBhCEARIsAH8Hff1yb7XzIhZtEWO8z2GKIX6Wn708tBwWsh5J-28BbzXN3p8mxO7RxUgaAvkmEALw_wcB,['2700'],1
https://zaem-365.ru/?title=%D0%9B%D0%A3%D0%A7%D0%A8%D0%98%D0%95%20%D0%97%D0%90%D0%99%D0%9C%D0%AB%20%D0%91%D0%95%D0%97%20%D0%9F%D0%A0%D0%9E%D0%A6%D0%95%D0%9D%D0%A2%D0%9E%D0%92&utm_source=google&utm_medium=cpc&utm_campaign=net%7Cg%7Ccid%7C13976544632&utm_content=537267879037&utm_term=%D0%BF%D0%BE%D0%BB%D1%83%D1%87%D0%B8%D1%82%D1%8C%20%D0%B7%D0%B0%D0%B9%D0%BC%20%D0%B4%D0%B5%D0%BD%D1%8C%D0%B3%D0%B8&adposition=&matchtype=b&device=m&target=kwd-359488650189&utm_term=%D0%BF%D0%BE%D0%BB%D1%83%D1%87%D0%B8%D1%82%D1%8C%20%D0%B7%D0%B0%D0%B9%D0%BC%20%D0%B4%D0%B5%D0%BD%D1%8C%D0%B3%D0%B8&matchtype=b&utm_source=google&utm_medium=cpc&utm_campaign=MFO_-_MSK_-_Poisk_-_zaem-365.ru_-_zajm_1_Moskva_i_oblast_&gclid=EAIaIQobChMIhvrc79vD9QIVBgB7Ch2xQAocEAAYAiAAEgJPWfD_BwE,['2700'],1
https://zaem-365.ru/?title=%D0%9B%D0%A3%D0%A7%D0%A8%D0%98%D0%95%20%D0%97%D0%90%D0%99%D0%9C%D0%AB%20%D0%91%D0%95%D0%97%20%D0%9F%D0%A0%D0%9E%D0%A6%D0%95%D0%9D%D0%A2%D0%9E%D0%92&utm_source=google&utm_medium=cpc&utm_campaign=net%7Cg%7Ccid%7C14149100807&utm_content=537268518454&utm_term=%D0%BC%D0%B3%D0%BD%D0%BE%D0%B2%D0%B5%D0%BD%D0%BD%D1%8B%D0%B5%20%D0%B7%D0%B0%D0%B9%D0%BC%D1%8B%20%D0%B1%D0%B5%D0%B7%20%D0%BF%D1%80%D0%BE%D0%B2%D0%B5%D1%80%D0%BE%D0%BA%20%D0%BA%D1%80%D1%83%D0%B3%D0%BB%D0%BE%D1%81%D1%83%D1%82%D0%BE%D1%87%D0%BD%D0%BE&adposition=&matchtype=b&device=m&target=kwd-652700500239&utm_term=%D0%BC%D0%B3%D0%BD%D0%BE%D0%B2%D0%B5%D0%BD%D0%BD%D1%8B%D0%B5%20%D0%B7%D0%B0%D0%B9%D0%BC%D1%8B%20%D0%B1%D0%B5%D0%B7%20%D0%BF%D1%80%D0%BE%D0%B2%D0%B5%D1%80%D0%BE%D0%BA%20%D0%BA%D1%80%D1%83%D0%B3%D0%BB%D0%BE%D1%81%D1%83%D1%82%D0%BE%D1%87%D0%BD%D0%BE&matchtype=b&utm_source=google&utm_medium=cpc&utm_campaign=NEW_-_MFO_-_MSK_-_Poisk_-_zaem-365.ru_-_zajm_2_Moskva_i_oblast_&gclid=EAIaIQobChMIrJ_JnLLM9QIVUo9oCR12BAEQEAAYASAAEgK4s_D_BwE,['2700'],1
https://zaem-yes.ru/,['27805'],3
https://zaim-24.ru/,['19982' '1'],2
https://zaim1.ru/,['42733'],1
https://zaim24-deneg.ru/,['53116'],2
https://zaim24vsem.com/,['15'],5
https://zaim24vsem.com/zaim2/?cid=410shrbwrq544zie9aib736mutiufyd2,['15'],1
https://zaimisrochno.ru/,[''],3
https://zaimoman.com/,['45551'],2
https://zaimoment.ru/,[''],5
https://zaimoment.ru/?sub_id_15=bDVqp&sid1=sms_b&sid2=alf_cr&sid5=bDVqp&hr=1,[''],1
https://zaimseychas.ru/,['45551'],2
https://zaimvsem.space/,['505'],1
https://zaimy.gf-m.ru/index/?sub2=zaimygf-m&sub3=%2079991365251&sub4=triggger_7_10min_final--2022-01-22_09_40.response.csv&sub5=60&sub6=1&sub7=359&sub8=6&sub9=60&clientUuid=982e94853928414bad09ce019c0dcb3e,['13'],1
https://zaimysms.ru/index/?utm_source=cashr-tbcomeback&sub2=cashr-tb&sub3=%2079521787167&sub4=trigger_3_daily_final--2022-01-21.response.csv&sub5=550&sub6=5&sub7=401&sub8=3&sub9=576&clientUuid=ef7a32c43c7c4795a9ab7cfcfd496339,['13'],1
https://zanimaika.ru/,['c048c550-17b1-4c80-a3bc-247fbd2d539e'],1
https://zaym-go.ru/,['19464' '21140'],4
https://zaym-shop.ru/,['25725'],1
https://zaym.1t-f.ru/,['13'],1
https://zayman-ru.turbopages.org/,['47386'],6
https://zaymbezprocentov.ru/?sub_id1=lich,['19938'],1
https://zaymhelp.info/,['171771'],1
https://zaymikus.ru/,['45551'],1
https://zen.yandex.ru/media/id/5fd987e21a5cab7728dc3c3f/kak-uznat-v-kakih-mikrozaimah-u-menia-dolgi-612235ab61e786779b4f0c85?utm_source=serp,['69626'],1
https://zime-deneg.net.ru/,['26335'],1
https://zyamer.ru/b.html?utm_source=301&utm_term=9462146,['2764'],1
ieskharchy.ru,['90863'],28
infozet.ru,['140795' ''],4
instazaim.ru,['2024'],17
internet-zaem.com,['47493'],9
ir.ilmili.telegraph,['175585'],1
jbzaim.aqulas.me,['69911'],4
jomin.ru,['21627'],1
kartarasrochki.ru,['177921'],7
kartozaim.ru,['102'],97
kcredit-online.ru,['14205'],16
ketganzales-zaim.ru,['130967'],57
kiliim.ru,['146314'],6
krasnodar.1000bankov.ru,['6578'],1
krasnoyarsk.1000bankov.ru,['7720'],1
krasnoyarsk.bankiros.ru,[''],1
kredit-otziv.ru,['16201'],4
kredit024.ru,['156534'],6
kreditblizko.ru,['6578' '7720'],5
kreditiapp.ru,[''],1
kreditinfo.space,['654928' '499' '676' '643'],23
kreditkarti.ru,['14434'],2
kredito-pro.ru,['16'],13
kreditonlineru.kreditfast.su,['161515'],1
kreditorpro.ru,['maximedia' '53460'],45
kreditter.fun,['70535' '506' '644' '671' '500' '1560753' '193'],24
kredius.ru,['45551'],46
kredizaim.ru,['27805'],9
kredlo.online,['34879'],1
kredovik.com,['45551'],36
krokozaim.ru,['35224'],5
kyzylzaim.ru,['2877'],8
labinsk.1000bankov.ru,['6578'],1
landings.odobrim.ru,['133864'],1
ldtgt.ru,"['993' '1496' '796' '1284' '843' '250' '968' '244' '790' '248' '3' '228'
 '1559' '787' '784' '1379' '794' '1540' '1232' '259']",822
liky.cc,[''],1
lime-money.ru,['38'],1
lk.gid-fm.ru,['13'],50
lk.mizaem.ru,['31445' '34331'],45
lovlyzaim24.com,['816'],8
m.facebook.com,['159977'],2
m.ok.ru,['156213'],1
m.vk.com,"['45551' '129922' '27930' '141099' '53274' '157580' '61641' '1642'
 '154904' '127244' '156213' '128356' '181262' '146064' '150965' '157644'
 '29269' '1255776' '167491' '52519' '146651' '129875']",193
mahachkala.bankiros.ru,[''],1
mail.yandex.ru,['172171'],1
mainfin.ru,[''],147
malinazaim.ru,['162210'],3
mango-zaym.ru,['27805'],62
manidengi.ru,['146'],6
manymani.ru,['129820'],1
manyzaim.ru,['15621'],2
manyzaymi.ru,['15621'],1
market-zaem.ru,['2024'],1
megazaim.su,['18511'],52
mfo-lk.ru,['17120'],3
mfo-rating.ru,['53258'],247
mfo.sobank.online,['48160'],1
mforu01.ru,['1801054'],1
mickrozaim-ru.cdn.ampproject.org,['21887'],53
mickrozaim-ru.turbopages.org,['21887'],17
mickrozaim.ru,['21887'],43
micro-mfo.ru,['46928'],2
micro-zaim-online.ru,['128775'],1
micro.zaym.uno,['9'],10
microcredit-good.ru,['45551'],41
microcreditor-ru.turbopages.org,['132010'],29
microcreditor.ru,['132010'],3
microzaim-dengi.ru,['153214'],2
microzaimitut.ru,['153214'],1
microzaimstat.ru,['153214'],3
mig-zaem.ru,['46914'],2
migcash.ru,['280'],1
migom-zaem.ru,['9658'],29
mikro-zaim-online.ru,['124699'],10
mikrozaim.com,['47905'],1
mikrozaymi24.ru,['169410'],89
mizmoney.ru,['153590'],1
mnedali.ru,['158988'],6
mobile.ok.ru,['156213'],15
monebo.ru,['13'],13
monetkin.online,['1506' '18504'],4
money-ru.tb.ru,['135583'],4
money-star1.ru,['64005'],84
money-zaym.com,['132666'],21
money2day.ru,['156562' ''],351
moneybotnow.ru,['174640'],2
moneyhelp.su,['2024'],1
moneystar1.ru,['64005'],430
mongu.ru,['3'],54
monzi.ru,['13'],2
moskva.1000bankov.ru,['6578'],1
mozzaim.ru,['8'],157
my.saleads.pro,"['ab202250-f547-11eb-aabe-d5c9084d8e13'
 '2c9dd710-b271-11eb-a12d-a92047fdb86c'
 'dbc9ade0-8ee8-11e7-9d9e-dd7d8ba42923'
 '60a2eae0-640d-11ec-abee-83b49a714a3b'
 '5c828ee0-8841-11e8-9d8d-5943e594e8d8'
 '9b221ff0-1af5-11ec-9119-edfbd3ae1484'
 'ecac52f0-9447-11ea-8af0-bdec7252a317'
 '1c824560-55d4-11ec-bb98-97a663f21a93'
 '717e0b50-42df-11ec-b498-41efccb66961'
 '014eae10-d639-11e9-8ff2-d3de5170186f'
 '2a8f6360-5367-11ec-b978-4f0f4e4533fd'
 '43a7ed40-5f2f-11ec-b371-9d4b2b0d9bce'
 'b73e61f0-84f6-11ec-a19f-cddd94a2ecbb'
 '0029f5b0-621b-11ea-a0d6-57799c82920b'
 '21fb09a0-2e56-11ec-94c6-8f5b8863c6b3'
 '32f9c560-50fc-11ec-8a24-9570550fabe2'
 '028fa400-07ec-11ec-b803-3de1aed1166b'
 '271bffa0-a3e3-11ea-bbdc-31cc09832d00'
 'fdcef550-6a3b-11e8-a115-e16ef8bf2f16'
 'd4f61810-7e6d-11ec-b47e-1315795283b2'
 '12eec710-7c54-11ec-94a5-7b1782b9b152'
 '0f97b990-7d62-11ec-8de4-211c3f836b72'
 '8036a3d0-7aa4-11ec-a1f8-afd28257a897'
 'fc29f0c0-c1c2-11ea-b357-af7b56f9a875']",76
mybank.su,['16'],2
mybonus.ru,['1236812'],2
myzaym-online.ru,['58197'],2
myzaym-online24.ru,['174223'],2
mzaym-ru.turbopages.org,['151680'],1
na-balanse.info,['19678'],8
nalichka.su,['13'],4
new.mikro-z.ru,['18948'],2
nexm.ru,['14'],1
nizhnevartovsk.1000bankov.ru,['6578'],1
nizhniy-tagil.bankiros.ru,[''],1
nn.1000bankov.ru,['6578'],1
novokuzneck.bankiros.ru,[''],1
novorossiysk.bankiros.ru,[''],1
novosibirsk.bankiros.ru,[''],1
nzaem.ru,['45551'],1
odbm0.ru,['9'],1
odobreno.gf-m.ru,['164'],4
odobrimkartozaim.ru,['102'],9
odobrimzaym.ru,['144094'],10
off.creditcat.ru,['9'],1
offers.vkcredits.ru,['9' '2'],16
ok.ru,['156213'],1
okayzaym.ru,['179945'],2
omsk.bankiros.ru,[''],1
on-credits.ru,['75070'],2
oned.kreditfast.su,['161515'],23
online-credit-money.com,['21475'],1
online-microzaymi.ru,['om'],66
online-zaim24.ru,['174'],13
online.equifax.ru,['41790'],11
onlinezaim24.kreditfast.su,['161515'],1
onlinezaym24-rus.ru,['161515'],10
only-cash.ru,['7242'],13
only-cash.ru.xsph.ru,['7242'],2
orenburg.bankiros.ru,[''],1
org.telegram.messenger,"['1209' '69023' '175585' '37653' '45551' '181140' '18948' '9' '20981'
 '154898' '181542' 'fb4e4548-f279-4178-b87a-29e6b07c084a']",56
org.telegram.plus,['1209'],1
orogoyzaim.ru,['90863'],9
orsk.bankiros.ru,[''],1
otpisatsya-ot-zaimov.online,['67737'],13
perm.bankiros.ru,[''],1
pickpoint.ru,['539733'],3
pliskov.ru,['21627'],3
pobedazaim.ru,['2877' '35173'],3
podborzaimov.top,['41433'],8
poluchi-dengi.ru,['61754'],7
premium-zaym.ru,['132919'],67
project4932514.tilda.ws,['24053'],3
proleads.su,['16'],1
promo.habr.com,['108'],1
promokod.guru,['108'],6
promokodio.com,['3947'],3
promokodus.com,['108'],51
prosto-zaimi.ru,[''],408
prostodeneg.net,['180649'],5
pxl.leads.su,['147054' '19678'],2
q-zaim.ru,['27291'],2
rating-card.com,['19678'],1
regzaemy.ru,['9899'],3
rosfinzaim.ru.com,['2700'],1
ru.myfin.by,[''],19
ru.sravni.android.bankproduct,"['1025ba15e832074133ecfa631008a4' '102dd5da98caaedefacb50c206ada3'
 '102c68f2e2dc2bb04a886ae82b3d44' '102533636c5b490a3933abf835590c'
 '10241ee0ce528eecb855b55801c80e' '10217d9dd6976c4f6ec4ee684cabe8'
 '102110401ee97811358f354799c563' '102bd37e2c28fc20cb066a21f3ef4b'
 '102d90e4acd7c46f982a2d42b64b42' '102d087f8eb6b5ab3ef809fb4ba7d1'
 '102135c749511f535add75e600966c' '10285a9c8b9f9802af780c038c2e71'
 '102bb936dfaa72446e83a6659deafe' '10237d5dc8d12536ff2da4c151aa59'
 '102bf3e950966b2453e4f982a1e221' '102acd878f9453f9c0ff514dae6361'
 '10233c8b9ff9f7381371a389815ce5' '1029e9f6bebc00c29d3646689c2bc2'
 '1025f80406eccd72ab83d599c8d612']",22
rublimo.ru,['14'],1
rublizaim.ru,['99'],2
rus-zaim-mm.tb.ru,['148674' '172881'],47
rus-zaim-t.tb.ru,['172869'],1
ruszaimer.ru,['153214'],3
ruszaimrazvitie.ru,['45551'],322
ruzaimy.ru,['153214'],2
ryabina.org,['45551'],234
ryabino.ru,['45551'],12
sbankgid.com,['52990'],5
search-drru.dt.dbankcloud.com,['127244' '70740'],2
search4money.ru,['' '156562'],125
setkilzaim.ru,['130967'],56
showcaseloan.ru,['164637'],2
smallzaim.ru,['78'],1
snowcredit.ru,['fa836814-3669-465f-b1af-1d5cfd89715b'],1
sobank.online,['48160'],12
spb-mickrozaim-ru.turbopages.org,['21887'],1
spb.bankiros.ru,[''],1
spolna.ru,['158589'],2
sravnizaimy.online,['110'],1
srazy-dengi.ru,['9658'],7
srochnokredit.online,['181653'],1
srochnye-zaimy.ru,['153214'],1
starplay1.ru,['64005'],30
startzaem.ru,['21627'],3
storekredit.online,['170634'],36
surgut.bankiros.ru,[''],1
take-zaimi.ru,['64005'],75
takezaym.online,['166302'],2
taplink.cc,['1613577'],1
top--kreditka-ru.turbopages.org,['1278220'],1
top15zaymov.surge.sh,['43745'],1
topcreditinfo.ru,['66058'],3
topcreditobzor.ru,['23487'],3
topmfo.ru,['964036'],1
topruszaim.com,['51180'],3
topzaim.r-tbp.ru,['13'],13
topzaimidozp.ru,['45551'],1
tracking.banki.ru,[''],5
traff.ru.com,['45551'],34
trb1.dengizaimvsem.ru,['153590'],1
trk.fast-credit.online,['18948' '9'],7
trk.zaymtrack.com,['174'],1
trkleads.ru,['142813' '45551'],2
tver.1000bankov.ru,['6578'],2
tvoibankir.ru,['153214'],2
ufa.bankiros.ru,[''],1
ulyanovsk.bankiros.ru,[''],1
unicom24.ru,['1' '19852'],99
unocredit.ru,['17'],2
vamrubly.ru,['99'],27
vbr-ru.turbopages.org,['63099'],15
vibor-kreditov-zaimov.ru,['23041'],3
viborzaim-ru.turbopages.org,['46787'],13
vitrina.mikro-z.club,['18948'],2
vkbot.vsegdazaem.online,['29269'],1
vkloan.ru,['1642'],6
vladivostok.bankiros.ru,[''],1
vozmi-zaym.online,['56966'],2
vozmimbo.ru,['175698'],1
vozmycredit.com,['174'],3
vozmykredit.ru,['174'],102
vse-zaimi-nakartu.ru,['28054'],21
vsekredity.com,['160677'],1
vsemvzaimy-ru.turbopages.org,['66888'],5
vsezaimy-online.ru,"['41476' '181273' '90847' '20981' '131584' '176552' '180338' '179945'
 '179923' '181262' '19938' '175808' '176704' '180025' '175466' '181150'
 '181002' '19209']",162
vsezaimy.rtbp.ru,['13'],2
vsezaimyonline-ru.cdn.ampproject.org,['1529'],18
vsezaimyonline-ru.turbopages.org,['1529'],10
vsezaimyonline.ru,['1529'],10
vyberi-zaim.ru,['17141'],1
vyberikredit.ru,['1711655'],7
vygodnye-zaymy.ru,['15747'],2
vzaymdeneg.ru,['15621'],3
web.telegram.org,['3074'],1
web.zaym.cash,['152661'],1
wikibanki.ru,['890'],3
www.banki.ru,['' 'AFFID'],2623
www.el-polis.ru,['1193780'],1
www.google.com,['146731'],2
www.hioola.ru,[''],1
www.izizaem.ru,['1519'],1
www.kp.ru,['987285'],1
www.krediti-mix.ru,[''],1
www.krediti123.ru,[''],2
www.krediti365.ru,[''],1
www.kreditimix.ru,[''],171
www.kreditistar.ru,[''],41
www.kuponarama.ru,['108'],3
www.mikrozaimi24.ru,[''],35
www.onlainkrediti.ru,[''],1
www.onlainzaimi.ru,[''],11
www.sravni.ru,"['10224c30d202417102379e096e1d61' '102ab2e7b0fe7bb350a9d3aa33f0c5'
 '102d7ea12946d0f7e63c5d76a03a5a' ... '102919bee3d4a5afd5386f8874fcc9'
 '102db63b2f72910257cd3ec498c580' '1021620e6717af31ed7d829d13dfed']",2673
www.vbr.ru,['63099'],6
www.xn---247-p4dfwn8cxa.xn--p1ai,['173223'],10
www.yandex.ru,['34349' '75490' '180669' '' '45551'],14
www.youtube.com,['2660' '22279' '887781' '1738' '59949' '28867'],74
www.zaimi-365.ru,[''],1
www.zaimi-bez-procentov.info,['4942'],10
www.zaimi365.ru,[''],223
www.zaimoman.com,['45551'],1
www.zaimy247.ru,[''],2
www.zaym0.ru,['2136'],1
xn--------3vebbbcaj6cskcvgpjnpyfdvk7b8cnr.xn--p1ai,['47493'],3
xn--------3vecaglb0acekrevcjr3bch9a5aqktk6a6a3huixa5ixad.xn--p1ai,['142218'],6
xn--------4vebbkl5abqieqdvj0awkvcvug3ckep8hi8a.xn--p1ai,['147054'],2
xn-------43dbbbb5deljcenggrffldjkj7cl2d4a6tra.xn--p1ai,['2149'],6
xn-------53dbbbk4axzgkrjsfdp4bj0by5q.xn--p1ai,['47493'],2
xn-------53dbbbk4cbzgkrjsfdp4b6amy5syc.xn--p1ai,['147054'],1
xn-------53dbijtgbqgetczhrvdglkcw1a3de6ii6a0i.xn--p1ai,['147054'],2
xn-------53dhdftcebdseez8czascsxlwt9h5f0b.xn--p1ai,['147054'],1
xn------5cdbbb3ctghogpfdm8a1bu3n.xn--p1ai,['20180'],1
xn------5cdghbubdmew6bklpcpu2ar3g9e.xn--p1ai,['305'],5
xn------5cdvchjtgrch6aoqss1d9fj3em.xn--p1ai,['142218'],14
xn------6cdbbb6aavudqyjahhsuqd2aoz3d8h.xn--p1ai,['147054'],1
xn------6cdgcfsebqew6bvocoth1b4f4e.xn--p1ai,['147054'],4
xn-----0--3vebbv3anzqyqipcpqe3bip5fyf.xn--p1ai,['147054'],1
xn-----6kccadb4aoes0bgpl6r.xn--p1ai,['24167'],1
xn-----6kcfgqbkeq7aslclq1b7d.online,['24724'],1
xn-----6kcfgqbkeq7aslclq1b7d9d.xn--p1ai,['147054'],3
xn-----7kcbecubeqx1ajtpblh3ax9og.xn--p1ai,['147054'],2
xn-----7kcbgsprcsjfidci7sg.xn--p1ai,['133613'],2
xn-----8kcgdbmdavxboqieecakag9a1azve8i7ekg.xn--p1ai,['inter'],4
xn-----8kcseipybbcgbzo2b1d.xn--p1ai,['147054'],5
xn----0--43dbrxlvcwlpdehicqv1cyf.xn--p1ai,['147054'],5
xn----24-43db0crcsjndj7q.xn--p1ai,['115492'],9
xn----7sbbhwnv3h.xn--p1ai,['31447'],2
xn----7sbbnrekue7a.xn--p1ai,['35224'],1
xn----7sbbzcegewf.xn--p1ai,['20180'],4
xn----7sbbznkmbdf6b3hpb.com,['131473'],12
xn----7sbujp1bah.xn--p1ai,['1576311'],4
xn----8sbbqaapr1aeajmonv9d4eg.xn--p1ai,['147054'],1
xn----8sbbqanggehufeamihsji0a9fyf.xn--p1ai,['147054'],3
xn----8sbevidvk8a.su,['2024'],1
xn----8sbkdqibmrdgt3a.xn--p1ai,['10630'],6
xn---10----6nfchie7avfcyx3a4aigdd4es.xn--p1ai,['47493'],48
xn---15--83dm7ar1amid1b.online,['1430'],23
xn---20--83dm7ar1amid1b.xn--p1ai,['666'],8
xn---24-6cdispr1a8bzh.xn--p1ai,['147054'],2
xn--0---8cdirqhlhufemcfhsj7a5f.xn--p1ai,['147054'],1
xn--1----63dhdfufbsevd2cxaqcdnjn5c1f9e.xn--p1ai,['147054'],1
xn--24-jlcdqj6bt.site,['173223'],10
xn--80aaamqnhkfy5b.xn--p1ai,['1828250'],3
xn--80aalehnvdh1bldj.online,['178822'],1
xn--80aatfuekqq.xn--p1ai,['35224'],2
xn--80aclbgnv4byf.xn--p1ai,['1828250'],4
xn--80aejflsc2bq.xn--p1ai,['181788'],1
xn--80aendhdmfoeq.xn--p1ai,['163266'],2
xn--80ajpgff4a.com,['88619'],1
xn--80akejpans.xn--p1ai,['174017'],1
xn--80ancchkfmr9i.xn--p1ai,['8'],38
xn--80anedphh.xn--p1ai,['35224'],1
yabs.yandex.ru,['75490'],62
yakutiazaim.ru,['20981'],15
yakutiya-zaim.ru,['65680'],1
yandex.ru,"['75490' '47386' '8' '52356' '34349' '159977' '63099' '132010' 'Alex75'
 '45551' '7689' '' '13']",120
yaroslavl.1000bankov.ru,['6578'],1
yourzaim.ru,['4'],1
yourzaym.ru,['179945'],3
yuzhno-sahalinsk.bankiros.ru,[''],1
z-a-i-m.ru,['1416'],2
za1mi.online,['1110136'],1
za5min.ru,['8'],15
zaem-2022.online,['173982'],1
zaem-365.ru,['2700'],1281
zaem-center.ru,['22737' '27805'],5
zaem-prosto.ru,['1355500'],4
zaem-service.ru,['27805'],10
zaem-yes.ru,['27805'],170
zaem.aee.su,['135446'],4
zaem.me,['42'],1
zaem.net.ru,['26335'],1
zaem100.ru,['167155'],6
zaem24-deneg.online,['53116'],1
zaem24-deneg.ru,['53116'],4
zaem50.ru,['167155'],2
zaem90.ru,['167155'],9
zaemforyou.ru,['167155'],7
zaemi24.ru,['46273'],1
zaemperem.ru,['167155'],4
zaim-24.ru,['1' '19982'],8
zaim-assistent.com,['47493'],1
zaim-be.ru,['73560'],1
zaim-bez-procentov.su,['42056'],2
zaim-bot.online,['172413'],7
zaim-credit.ru,['28299'],2
zaim-deneg.net.ru,['26335'],1
zaim-deneg.pp.ru,['26335'],1
zaim-deneg24.ru,['53116'],2
zaim-dengi.net.ru,['26335'],1
zaim-dengi.pp.ru,['26335'],1
zaim-free.ru,['77'],39
zaim-money24.com,['15'],1
zaim-online.aqulas.me,['69911'],7
zaim-online.su,['2024'],1
zaim-plus.ru,['150'],4
zaim-ru.online,['54614'],1
zaim-vam.1tfin.ru,['13'],52
zaim-zaem.ru,['52356'],8
zaim.r-tb.ru,['13'],3
zaim.rt6.ru,['13'],2
zaim.rtb-publish.ru,['13'],17
zaim.ws,['36692'],1
zaim1-online.ru,['816'],1
zaim24-deneg.ru,['53116'],1
zaim24vsem.com,['173' '15'],394
zaim5min.com,['174'],73
zaimaman.ru,['45551'],15
zaimdeneg.pp.ru,['26335'],12
zaimfon.ru,['142813'],1
zaimgrad.ru,['14474'],3
zaimi-absolutno-vsem.ru,['142813'],1
zaimi-deneg-24.online,['173982'],2
zaimi-deneg-24.ru,['53116'],2
zaimi-deneg24.ru,['53116'],1
zaimi-plus.ru,[''],86
zaimi-seichas.ru,['2024'],2
zaimi.center,[''],13
zaimi.kreditfast.su,['71506'],1
zaimi.rt-6.ru,['13'],16
zaimi4you.ru,['1828250'],4
zaimibistro.ru,['61238'],1
zaiminfo.space,['66491'],7
zaimini.ru,['40251'],1
zaimisrochno.ru,['' '6754'],407
zaimisto.ru,['16110'],134
zaimitter.space,['640' '116' '852515'],11
zaimityt.myzaim.pro,['174792'],1
zaimizanol.ru,['24489'],3
zaimlekha.ru,['130967'],108
zaimobar.ru,['47493'],1
zaimod.ru,['140833'],18
zaimodam.ru,['27805'],210
zaimoman.com,['45551'],502
zaimoment.ru,['' '156562'],90
zaimonlain.website,['181262'],9
zaimonlinekarta.ru,['125727'],1
zaimonlineru.myzaim.pro,['161515'],1
zaimopoisk.ru,['40943'],1
zaimq.ru,['42993'],13
zaimrus.kreditfast.su,['161515'],1
zaimseychas.ru,['45551'],274
zaimtime.ru,['23145'],1
zaimtuva.ru,['90863'],31
zaimvsem.space,['498' '505' '195'],10
zaimy.ccnc.ru,['66058'],2
zaimy.r-tb.ru,['13'],1
zaimy4you.ru,['1828250'],5
zaimysms.ru,['13'],2
zaimyt.ru,['153214'],1
zaimytutf.kreditfast.su,['161515'],11
zaimyukhnov.ru,['167155'],15
zaimz.online,['77181' '28915'],3
zaimzanol.ru,['126164'],10
zaimzhoratv.ru,['130967'],61
zaimzp.site,['usbfan'],4
zajm-vsem.ru,['3563'],1
zajmy--na--kartu--onlajn-ru.turbopages.org,['23706' '43093'],8
zajmy-otzyvy.ru,['19982'],3
zanimaika.ru,['c048c550-17b1-4c80-a3bc-247fbd2d539e'],399
zanimay-prosto.ru,['13'],41
zayavkavbanki.ru,['8910'],1
zaym-2022.online,['173982'],3
zaym-2022.ru,['173982'],4
zaym-go.ru,['21140' '19464'],111
zaym-prosto.ru,['145837'],2
zaym.me,['35253'],1
zaym.pro,['2240'],1
zaym2022.online,['173982'],1
zaym24-deneg.online,['53116'],1
zaym24-deneg.ru,['53116'],1
zaym24.com,['37867' '31447'],48
zayman-ru.turbopages.org,['47386'],280
zayman.ru,['47386'],128
zaymbezprocentov.ru,['19938'],6
zaymco.ru,['27805'],23
zaymhelp.info,['171771'],16
zaymi-online-za-minutu.ru,['2149'],2
zaymiburyatiya.ru,['90863'],1
zaymikus.ru,['45551'],213
zaymimany.ru,['15621'],3
zaymobot.com,['964036'],5
zaymoman.ru,['27805' '31447'],16
zaymomat.online,['163266'],1
zaymonline.aqulas.me,['69911'],3
zaymru.online,['77740'],3
zaymsebe.ru,['1828250'],1
zaymy-na-kartu-online.ru,['1750'],2
zaymyrus.ru,['167155'],6
zen.yandex.ru,['75156' '69626' 'maximedia' 'dzenfinance'],24
zenpromokod.ru,['149774'],1
zerozaem.ru,['9658'],2
zet-zaim.ru,['27369'],8
zime-deneg.net.ru,['26335'],6
zyamer.ru,['2764'],8
